plant_name,status,country,city,grid_connection_date,total_string_capacity_kwp,current_power_kw,specific_energy_kwh_kwp,yield_today_kwh,total_yield_kwh,psh,city_plant_count,city_avg_psh,threshold_psh,performance_status,psh_deviation_pct_vs_city_avg,underperforming
TS United Metal,,Malaysia,ALOR  GAJAH,16/5/2024,25.155,11.27,5.22,131.31,66475.59,5.22,1,5.22,4.698,No comparison required,0,FALSE
Sedania Bank Islam Bandar Penawar Meter 1,,Malaysia,BANDAR PENAWAR,28/4/2025,15.47,0,0,0,0,0,2,0,0,Normal,,FALSE
Sedania Bank Islam Bandar Penawar Meter 2,,Malaysia,BANDAR PENAWAR,29/4/2025,15.47,0,0,0,0,0,2,0,0,Normal,,FALSE
Komplex PKNS Bangi,,Malaysia,BANGI,4/9/2024,379.08,9.1,3.67,1390.51,411367.73,3.67,1,3.67,3.303,No comparison required,0,FALSE
Jiann Lih safety product,,Malaysia,BANTING,21/3/2024,475.605,90.03,4.81,2285.37,766651.87,4.81,1,4.81,4.329,No comparison required,0,FALSE
C0102_QL batang kali,,Malaysia,BATANG KALI,24/2/2022,526,0,0,0,0,0,1,0,0,No comparison required,,FALSE
BP PLASTICS BP9,,Malaysia,BATU PAHAT,22/7/2025,2979.1,870.66,3.92,11665.93,2926844.99,3.92,3,3.393333333,3.054,Normal,15.52,FALSE
BP PLASTICS HQ,,Malaysia,BATU PAHAT,16/1/2025,1063.425,0,2.06,2186.51,1700464.78,2.06,3,3.393333333,3.054,Underperforming,-39.29,TRUE
CK PACKAGING AND PLASTIC INDUSTRIES,,Malaysia,BATU PAHAT,19/1/2026,138.88,43.18,4.2,583.87,41428.27,4.2,3,3.393333333,3.054,Normal,23.77,FALSE
GUH METER 1,,Malaysia,BAYAN LEPAS,29/4/2024,210.6,102.85,4.09,860.67,509119.39,4.09,3,3.976666667,3.579,Normal,2.85,FALSE
GUH METER 2,,Malaysia,BAYAN LEPAS,29/4/2024,278.46,127.75,3.94,1097.66,633288.67,3.94,3,3.976666667,3.579,Normal,-0.92,FALSE
GUH METER 3,,Malaysia,BAYAN LEPAS,4/5/2024,534.69,248.41,3.9,2087.53,1250303.13,3.9,3,3.976666667,3.579,Normal,-1.93,FALSE
Telewiring,,Malaysia,CHENG,16/5/2024,25.155,6.66,4.82,121.22,63152.7,4.82,1,4.82,4.338,No comparison required,0,FALSE
C0176_GETHA,,Malaysia,CHERAS,1/3/2023,178.215,2.23,2.89,515.28,577667.93,2.89,1,2.89,2.601,No comparison required,0,FALSE
C0172_ATRIA NORTH,,Malaysia,DAMANSARA,6/6/2023,130.8,4.11,2.2,288,378500.59,2.2,3,2.13,1.917,Normal,3.29,FALSE
C0172_ATRIA SOUTH,,Malaysia,DAMANSARA,6/6/2023,287.76,8.97,2.31,665.81,827979.53,2.31,3,2.13,1.917,Normal,8.45,FALSE
Restoran Chimaek (Kfry),,Malaysia,DAMANSARA,25/10/2024,24.4,1.14,1.88,45.98,45827.28,1.88,3,2.13,1.917,Underperforming,-11.74,TRUE
QL ENDAU DEEP SEA FISHING,,Malaysia,ENDAU,4/9/2025,897.76,173.1,3.17,2843.37,525892.93,3.17,1,3.17,2.853,No comparison required,0,FALSE
PROGUARD SAFETY MANUFACTURING SDN BHD,,Malaysia,HULU LANGAT,30/12/2022,202.195,2.49,2.66,537.28,556783.18,2.66,1,2.66,2.394,No comparison required,0,FALSE
GLASS PLASTIC PACKAGING,,Malaysia,IPOH,19/4/2025,704.94,21.39,3.38,2383.91,795675.25,3.38,3,2.896666667,2.607,Normal,16.69,FALSE
SWH INDUSTRIES (PLOT 132113),,Malaysia,IPOH,21/5/2024,752.98,24.2,2.84,2141.98,1648015.73,2.84,3,2.896666667,2.607,Normal,-1.96,FALSE
SWH INDUSTRIES (PLOT6311),,Malaysia,IPOH,15/1/2025,204.96,9.26,2.47,506.7,315402.67,2.47,3,2.896666667,2.607,Underperforming,-14.73,TRUE
Pleasure Latex,,Malaysia,JERAM,25/7/2023,520.3,108.34,2.92,1518.86,1684226.28,2.92,2,1.46,1.314,Normal,100,FALSE
Pleasure Latex Phase 2,,Malaysia,JERAM,20/12/2024,1010.295,0,0,0,0,0,2,1.46,1.314,Underperforming,-100,TRUE
FOX ONE LOT 14,,Malaysia,KAJANG,13/8/2025,91.76,2.9,4.08,374.48,55332.92,4.08,9,3.581111111,3.223,Normal,13.93,FALSE
FOX ONE LOT 8,,Malaysia,KAJANG,28/1/2026,91.76,2.89,4.12,377.81,16537.7,4.12,9,3.581111111,3.223,Normal,15.05,FALSE
IOI Knowledge Vision Sdn Bhd,,Malaysia,KAJANG,19/6/2025,71.92,5.32,4.81,345.75,74121.9,4.81,9,3.581111111,3.223,Normal,34.32,FALSE
IOI Mayang Development,,Malaysia,KAJANG,18/7/2025,71.92,2.07,2.74,197.11,46809.23,2.74,9,3.581111111,3.223,Underperforming,-23.49,TRUE
LKW FROZEN SDN BHD,,Malaysia,KAJANG,12/5/2024,54.99,0.83,3.2,176.14,91883.03,3.2,9,3.581111111,3.223,Underperforming,-10.64,TRUE
P.A. FOOD SDN. BHD.,,Malaysia,KAJANG,7/5/2024,25.155,0.68,3.63,91.23,61419.24,3.63,9,3.581111111,3.223,Normal,1.37,FALSE
UCS_Block A,,Malaysia,KAJANG,24/7/2022,125,0,3.14,393.05,480984.43,3.14,9,3.581111111,3.223,Underperforming,-12.32,TRUE
UCS_Block B,,Malaysia,KAJANG,24/7/2022,135,2.77,3.32,448.58,558148.63,3.32,9,3.581111111,3.223,Normal,-7.29,FALSE
UCS_Block C,,Malaysia,KAJANG,24/7/2022,185.5,3.72,3.19,592.29,768927.15,3.19,9,3.581111111,3.223,Underperforming,-10.92,TRUE
FDP AND MTB INDUSTRIES SDN BHD,,Malaysia,KERLING,25/1/2026,186,0,0,0,6803.17,0,1,0,0,No comparison required,,FALSE
AMT PC DISTRIBUTORS SDN. BHD.,,Malaysia,KLANG,4/1/2024,88.335,13.41,2.27,200.22,246627.94,2.27,32,2.3525,2.11725,Normal,-3.51,FALSE
ASHITA COMMUNICATION,,Malaysia,KLANG,3/11/2025,91.76,0,0,0,0,0,32,2.3525,2.11725,Underperforming,-100,TRUE
ASIA WIRE STEEL MESH MANUFACTURERS SDN BHD,,Malaysia,KLANG,3/3/2026,908.97,110.64,2.42,2197.42,115567.88,2.42,32,2.3525,2.11725,Normal,2.87,FALSE
Advance Vi Tech Lot 1629,,Malaysia,KLANG,27/10/2024,240.13,20.7,3.54,849.68,383243.18,3.54,32,2.3525,2.11725,Normal,50.48,FALSE
BUNCHO (M) SDN BHD,,Malaysia,KLANG,1/10/2025,91.14,13.39,2.89,263.16,22432.03,2.89,32,2.3525,2.11725,Normal,22.85,FALSE
Hoon Yuen Furniture,,Malaysia,KLANG,20/11/2023,88.335,13.22,2.51,221.61,234429.13,2.51,32,2.3525,2.11725,Normal,6.7,FALSE
KCCCI 2FLOOR,,Malaysia,KLANG,27/3/2025,4.13,0.34,2.44,10.08,4731.42,2.44,32,2.3525,2.11725,Normal,3.72,FALSE
KCCCI First Floor,,Malaysia,KLANG,27/3/2025,15.34,1.37,2.58,39.64,19219.92,2.58,32,2.3525,2.11725,Normal,9.67,FALSE
KCCCI Ground Floor,,Malaysia,KLANG,27/3/2025,3.54,0.32,2.46,8.7,4071.29,2.46,32,2.3525,2.11725,Normal,4.57,FALSE
Kamma Klang Enterprise,,Malaysia,KLANG,28/3/2023,88,7.31,3.02,266.1,325374.74,3.02,32,2.3525,2.11725,Normal,28.37,FALSE
Kwang Hua Persendirian  meter  2-3-4-5-6,,Malaysia,KLANG,4/3/2022,302.475,21.51,1.85,558.24,1087722.07,1.85,32,2.3525,2.11725,Underperforming,-21.36,TRUE
Lian Teck Seng Lot 11,,Malaysia,KLANG,6/5/2025,18.04,0,0,0,0,0,32,2.3525,2.11725,Underperforming,-100,TRUE
MEWAH OILS SDN BHD,,Malaysia,KLANG,1/12/2025,220.1,0,0,0,0,0,32,2.3525,2.11725,Underperforming,-100,TRUE
MIAW FRESH,,Malaysia,KLANG,31/5/2024,24.57,3.32,2.8,68.73,54493.67,2.8,32,2.3525,2.11725,Normal,19.02,FALSE
Maxtwo Engineering (Factory),,Malaysia,KLANG,21/4/2025,35.38,5.75,2.7,95.56,31147.91,2.7,32,2.3525,2.11725,Normal,14.77,FALSE
PKT THE SHIP,,Malaysia,KLANG,21/1/2025,1068.21,71.81,0.28,299.17,1136464.9,0.28,32,2.3525,2.11725,Underperforming,-88.1,TRUE
ROYAL KLANG CLUB,,Malaysia,KLANG,14/7/2025,91.76,8.1,2.22,204.14,75738.9,2.22,32,2.3525,2.11725,Normal,-5.63,FALSE
RS POLY INDUSTRY,,Malaysia,KLANG,2/8/2024,727.155,144.59,2.69,1959.35,1341310.58,2.69,32,2.3525,2.11725,Normal,14.35,FALSE
SIME KANSAI PAINT SDN BHD,,Malaysia,KLANG,17/9/2025,123.825,12.6,2.55,315.38,85378.79,2.55,32,2.3525,2.11725,Normal,8.4,FALSE
SJK (C) WU TECK,,Malaysia,KLANG,25/12/2025,71.92,9.31,3.71,266.77,29460.73,3.71,32,2.3525,2.11725,Normal,57.7,FALSE
SJK （ C ） PIN HWA 1,,Malaysia,KLANG,23/9/2025,183.52,27.05,2.22,408.14,86683.25,2.22,32,2.3525,2.11725,Normal,-5.63,FALSE
SM Chung Chung Hua (PSDN) Klang,,Malaysia,KLANG,14/2/2022,420.195,34.69,2.51,1054.86,270804.89,2.51,32,2.3525,2.11725,Normal,6.7,FALSE
SP Logistics Sdn Bhd,,Malaysia,KLANG,14/6/2024,90.675,8.63,2.82,255.98,189126.58,2.82,32,2.3525,2.11725,Normal,19.87,FALSE
TOMEI,,Malaysia,KLANG,7/11/2024,215.28,3.85,2.81,605.2,320689.1,2.81,32,2.3525,2.11725,Normal,19.45,FALSE
Tembikar Wei Khing,,Malaysia,KLANG,27/1/2025,977.22,136.24,2.83,2766.61,1012721.75,2.83,32,2.3525,2.11725,Normal,20.3,FALSE
Tong Seh,,Malaysia,KLANG,18/1/2024,260.91,32.32,2.72,710.39,633905.43,2.72,32,2.3525,2.11725,Normal,15.62,FALSE
UC BLASTING PAINTING,,Malaysia,KLANG,8/5/2024,219.96,17.22,3.07,675.43,535518.06,3.07,32,2.3525,2.11725,Normal,30.5,FALSE
VINDA PHASE 4 (MSB 3-2),,Malaysia,KLANG,6/3/2026,2119.14,285.34,2.22,4698.11,157411.41,2.22,32,2.3525,2.11725,Normal,-5.63,FALSE
VISKO INDUSTRIES SDN BHD,,Malaysia,KLANG,7/7/2023,948.75,120.46,4.2,3986.18,3150357.94,4.2,32,2.3525,2.11725,Normal,78.53,FALSE
Vinda  Phase 1 and 2 (MSB 2),,Malaysia,KLANG,20/8/2023,2561.65,359.92,2.31,5913.04,6929360.3,2.31,32,2.3525,2.11725,Normal,-1.81,FALSE
Vinda Phase 3 (MSB 3-1),,Malaysia,KLANG,28/6/2024,1502.28,213.92,2.35,3530.66,4576588.95,2.35,32,2.3525,2.11725,Normal,-0.11,FALSE
kwang hua persendirian meter 1,,Malaysia,KLANG,4/3/2022,73.03,6.22,2.29,166.97,333927.78,2.29,32,2.3525,2.11725,Normal,-2.66,FALSE
Apex Uniparts,,Malaysia,KLUANG,28/5/2024,41.535,12.67,3.11,129.07,91399,3.11,3,3.073333333,2.766,Normal,1.19,FALSE
Kluang Coffee Powder,,Malaysia,KLUANG,28/5/2024,25.135,10.69,3.14,78.84,60808.57,3.14,3,3.073333333,2.766,Normal,2.17,FALSE
SAWIPAC SDN BHD,,Malaysia,KLUANG,4/9/2025,44.28,14.89,2.97,131.49,28486.74,2.97,3,3.073333333,2.766,Normal,-3.36,FALSE
CHYE JOO HIANG SDN. BHD. (Meter 1),,Malaysia,KOTA BHARU,22/2/2025,25.83,5.39,5.27,136.13,37553.73,5.27,3,4.406666667,3.966,Normal,19.59,FALSE
SWEE CHEONG WATCH SDN BHD (Meter 1),,Malaysia,KOTA BHARU,30/10/2024,8.85,3.82,4.02,35.61,11155.19,4.02,3,4.406666667,3.966,Normal,-8.77,FALSE
SWEE CHEONG WATCH SDN BHD (Meter 2),,Malaysia,KOTA BHARU,30/10/2024,8.85,3.82,3.93,34.76,10470.55,3.93,3,4.406666667,3.966,Underperforming,-10.82,TRUE
SUCCESS ELECTRONIC LOT 3,,Malaysia,KOTA DAMANSARA,29/12/2025,251.72,13.26,1.8,452.19,65500.68,1.8,2,1.78,1.602,Normal,1.12,FALSE
SUCCESS ELECTRONIC LOT 7,,Malaysia,KOTA DAMANSARA,31/12/2025,395.56,20.4,1.76,697.94,84934.6,1.76,2,1.78,1.602,Normal,-1.12,FALSE
QL AGROFOOD SDN BHD,,Malaysia,KOTA KINABALU,25/6/2025,409.92,34.02,3.21,1316.91,250726.23,3.21,1,3.21,2.889,No comparison required,0,FALSE
Kiara Bay,,Malaysia,KUALA LUMPUR,21/1/2025,1004.18,44.63,2.67,2679.09,1261707.36,2.67,3,2.52,2.268,Normal,5.95,FALSE
Menara PJD,,Malaysia,KUALA LUMPUR,18/5/2024,80.145,0.65,2.54,203.66,147744.05,2.54,3,2.52,2.268,Normal,0.79,FALSE
Toa Paint Kepong Warehouse,,Malaysia,KUALA LUMPUR,2/11/2023,25.74,1.2,2.35,60.37,74783.89,2.35,3,2.52,2.268,Normal,-6.75,FALSE
QL ENDAU MARINE,,Malaysia,KUALA ROMPIN,1/8/2025,430.28,47.76,3.12,1340.46,428352.07,3.12,2,1.87,1.683,Normal,66.84,FALSE
TIMURIKAN TRENGGANU MARINE PRODUCTS SDN BHD,,Malaysia,KUALA ROMPIN,8/12/2025,260.4,18.04,0.62,161.11,9474.05,0.62,2,1.87,1.683,Underperforming,-66.84,TRUE
AFI BRAKE MANUFACTURING SDN BHD,,Malaysia,KUALA TERENGGANU,2/10/2023,454.3,116.19,4.02,1824.07,1263229.37,4.02,3,2.673333333,2.406,Normal,50.37,FALSE
AFI METAL,,Malaysia,KUALA TERENGGANU,14/3/2024,55.35,11.8,4,221.13,117024.63,4,3,2.673333333,2.406,Normal,49.63,FALSE
REDANG LAGOON RESORT,,Malaysia,KUALA TERENGGANU,16/2/2023,53.41,0,0,0,0,0,3,2.673333333,2.406,Underperforming,-100,TRUE
C0156_DENIM CODE,,Malaysia,KULIM,4/9/2022,86.445,35.73,4.54,392.66,365626.97,4.54,1,4.54,4.086,No comparison required,0,FALSE
Eco Oils - Lahad Datu,,Malaysia,LAHAD DATU,15/10/2024,39.78,1.08,2.31,91.93,56260.8,2.31,1,2.31,2.079,No comparison required,0,FALSE
Lunas Jaya Petrol Sdn Bhd,,Malaysia,LUNAS,19/3/2025,25.86,10.02,3.96,102.41,29718.97,3.96,1,3.96,3.564,No comparison required,0,FALSE
QL PAJAM PHASE 2,,Malaysia,MANTIN,5/8/2025,566.68,46.41,2.83,1606.06,398400.44,2.83,1,2.83,2.547,No comparison required,0,FALSE
Fibertex Phase 2,,Malaysia,NILAI,30/8/2024,1251.704,120.62,5.21,6523.52,2960003.6,5.21,2,4.45,4.005,Normal,17.08,FALSE
WEIDA MARKETING SDN. BHD.,,Malaysia,NILAI,1/12/2022,500.31,34.21,3.69,1847.3,1652020.51,3.69,2,4.45,4.005,Underperforming,-17.08,TRUE
KLH Sdn Bhd,,Malaysia,PADANG SERAI,5/9/2024,265.005,116.62,3.77,1000.06,418813.23,3.77,1,3.77,3.393,No comparison required,0,FALSE
QL AGROVENTURE,,Malaysia,PAPAR,19/5/2022,418.965,13.27,1.72,722.49,1328955.28,1.72,1,1.72,1.548,No comparison required,0,FALSE
ECOOILS (PHASE 2) - P.GUDANG,,Malaysia,PASIR GUDANG,13/12/2024,38.61,5.48,3.08,119.09,38795.73,3.08,4,2.6775,2.40975,Normal,15.03,FALSE
IOI PAN - CENTURY,,Malaysia,PASIR GUDANG,31/5/2023,116.815,24.19,4.01,468.2,263241.47,4.01,4,2.6775,2.40975,Normal,49.77,FALSE
KISWIRE CORD PHASE 1 (DATA),,Malaysia,PASIR GUDANG,24/10/2023,1248.5,0,0,0,0,0,4,2.6775,2.40975,Underperforming,-100,TRUE
KISWIRE CORD SDN BHD,,Malaysia,PASIR GUDANG,3/12/2024,4732.09,1285.56,3.62,17135.15,4679966.7,3.62,4,2.6775,2.40975,Normal,35.2,FALSE
KB AIS SDN. BHD.,,Malaysia,PASIR MAS,23/7/2022,49.05,9.85,3.96,194.4,227677.34,3.96,1,3.96,3.564,No comparison required,0,FALSE
BRC INDUSTRIES,,Malaysia,PENANG,26/5/2024,162.63,74.1,3.87,628.67,383799.85,3.87,3,3.57,3.213,Normal,8.4,FALSE
LEAN GIAP ENTERPRISE SDN BHD,,Malaysia,PENANG,13/3/2024,7.02,3.64,3.65,25.61,19030.63,3.65,3,3.57,3.213,Normal,2.24,FALSE
PKT 12 WAVES,,Malaysia,PENANG,5/2/2025,1337.31,486.19,3.19,4265.21,1221897.81,3.19,3,3.57,3.213,Underperforming,-10.64,TRUE
Pengerang Independent Terminal,,Malaysia,PENGERANG,24/10/2024,718.965,214.18,4.67,3358.63,1148939.56,4.67,1,4.67,4.203,No comparison required,0,FALSE
CHYE JOO HIANG SDN. BHD. (Meter 2),,Malaysia,PENGKALAN CHEPA,20/2/2025,25.83,13.06,5.03,129.87,39168.87,5.03,1,5.03,4.527,No comparison required,0,FALSE
Durasafe Sdn. Bhd.,,Malaysia,PERAI,2/12/2024,91.5,43.22,4.17,381.68,165690.39,4.17,3,4.166666667,3.75,Normal,0.08,FALSE
Multi Choice (M) Sdn Bhd,,Malaysia,PERAI,26/10/2025,423.46,154.2,4.4,1862.31,147165.42,4.4,3,4.166666667,3.75,Normal,5.6,FALSE
Teong Huat Medical,,Malaysia,PERAI,26/11/2025,349.32,137.49,3.93,1374.37,56908.71,3.93,3,4.166666667,3.75,Normal,-5.68,FALSE
Gemilite Sdn Berhad,,Malaysia,PETALING JAYA,20/2/2025,39.36,0.99,2.66,104.87,49176.84,2.66,3,1.46,1.314,Normal,82.19,FALSE
MENARA PKNS PJ,,Malaysia,PETALING JAYA,11/2/2026,112.32,0,0,0,2181.01,0,3,1.46,1.314,Underperforming,-100,TRUE
SUCCESS ELECTRONIC LOT 5,,Malaysia,PETALING JAYA,29/12/2025,80.6,4.02,1.72,138.42,14409.77,1.72,3,1.46,1.314,Normal,17.81,FALSE
Fungiculture,,Malaysia,PORT KLANG,10/6/2023,262.515,22.79,3.22,844.66,941312.3,3.22,6,3.418333333,3.0765,Normal,-5.8,FALSE
JY1,,Malaysia,PORT KLANG,6/3/2023,259.42,21.38,3.52,913.17,960664.24,3.52,6,3.418333333,3.0765,Normal,2.97,FALSE
JY1(2),,Malaysia,PORT KLANG,7/10/2025,140.74,11.13,3.57,503.09,93858.31,3.57,6,3.418333333,3.0765,Normal,4.44,FALSE
JY2,,Malaysia,PORT KLANG,10/3/2023,397.305,31.96,3.47,1378.87,1447310.18,3.47,6,3.418333333,3.0765,Normal,1.51,FALSE
Jaya Nets,,Malaysia,PORT KLANG,15/7/2024,99,7.65,3.09,306.05,195895.01,3.09,6,3.418333333,3.0765,Normal,-9.61,FALSE
SJK (C) TSHING NIAN,,Malaysia,PORT KLANG,2/2/2026,48.36,4.21,3.64,176.19,7660.98,3.64,6,3.418333333,3.0765,Normal,6.48,FALSE
AMEBA MGMT,,Malaysia,PUCHONG,30/1/2024,18.72,0.52,2.7,50.46,33928.12,2.7,6,2.33,2.097,Normal,15.88,FALSE
IOI Mall Puchong (New Wing),,Malaysia,PUCHONG,14/1/2025,544.275,14.7,2.57,1401.27,843263.78,2.57,6,2.33,2.097,Normal,10.3,FALSE
IOI Mall Puchong (New Wing) Phase 2,,Malaysia,PUCHONG,19/3/2026,2380.8,0,0,0,50110.97,0,6,2.33,2.097,Underperforming,-100,TRUE
IOI Mall Puchong (Old Wing),,Malaysia,PUCHONG,25/4/2025,2193.09,52.69,2.31,5062.19,2197901.07,2.31,6,2.33,2.097,Normal,-0.86,FALSE
MCC TECHNIQUE SDN BHD LOT 10,,Malaysia,PUCHONG,18/8/2025,31,0.97,3.21,99.57,20997.47,3.21,6,2.33,2.097,Normal,37.77,FALSE
MCC TECHNIQUE SDN BHD LOT 12,,Malaysia,PUCHONG,18/8/2025,31,1.02,3.19,99.03,20719.17,3.19,6,2.33,2.097,Normal,36.91,FALSE
BREMFIELD SDN BHD,,Malaysia,PULAU INDAH,2/5/2024,150.93,14.61,3.61,544.37,378331.24,3.61,3,3.47,3.123,Normal,4.03,FALSE
C0149_VERTEX MISSION,,Malaysia,PULAU INDAH,18/8/2022,25.175,2.2,3.43,86.37,90415.08,3.43,3,3.47,3.123,Normal,-1.15,FALSE
C150_VERTEX MISSION,,Malaysia,PULAU INDAH,17/8/2022,72.2,6.47,3.37,243.16,308587.81,3.37,3,3.47,3.123,Normal,-2.88,FALSE
FUJI M1,,Malaysia,PUNCAK ALAM,23/12/2023,265.005,20.85,3.05,807.63,713986.69,3.05,4,2.8375,2.55375,Normal,7.49,FALSE
FUJI M2,,Malaysia,PUNCAK ALAM,18/4/2024,264.42,20.96,3.17,837.61,560502.54,3.17,4,2.8375,2.55375,Normal,11.72,FALSE
FUJI M3,,Malaysia,PUNCAK ALAM,4/2/2024,264.89,10.54,1.47,389.96,386911.45,1.47,4,2.8375,2.55375,Underperforming,-48.19,TRUE
FUJI M4,,Malaysia,PUNCAK ALAM,12/12/2025,133.92,12.38,3.66,490.66,52885.36,3.66,4,2.8375,2.55375,Normal,28.99,FALSE
IOI City Mall Inc. Feeder 1,,Malaysia,PUTRAJAYA,7/11/2024,3049.605,73.11,3.56,10871.19,5376369.55,3.56,3,3.57,3.213,Normal,-0.28,FALSE
IOI City Mall Inc. Feeder 2,,Malaysia,PUTRAJAYA,7/11/2024,1019.07,26.57,3.65,3720.9,1632871.19,3.65,3,3.57,3.213,Normal,2.24,FALSE
IOI Resort Villa Golf Course,,Malaysia,PUTRAJAYA,12/3/2024,250.38,6.91,3.5,875.17,458549.24,3.5,3,3.57,3.213,Normal,-1.96,FALSE
MARINE GOLD SDN BHD,,Malaysia,RAWANG,28/10/2023,148.5,0,0,0,0,0,6,2.821666667,2.5395,Underperforming,-100,TRUE
SCENT PUR MANUFACTURING SDN BHD NO.35,,Malaysia,RAWANG,26/9/2024,12.39,3.28,3.53,43.7,25633.53,3.53,6,2.821666667,2.5395,Normal,25.1,FALSE
SCENT PUR MANUFACTURING SDN BHD NO.37,,Malaysia,RAWANG,26/9/2024,12.39,3.22,3.46,42.92,25425.59,3.46,6,2.821666667,2.5395,Normal,22.62,FALSE
WCS UNIT 6,,Malaysia,RAWANG,4/2/2024,21.06,3.14,3.25,68.54,51019.52,3.25,6,2.821666667,2.5395,Normal,15.18,FALSE
WCS UNIT 7,,Malaysia,RAWANG,4/2/2024,16.38,2.27,3.32,54.39,40213.04,3.32,6,2.821666667,2.5395,Normal,17.66,FALSE
WCS_Home,,Malaysia,RAWANG,13/9/2024,8.85,2.02,3.37,29.86,16312.71,3.37,6,2.821666667,2.5395,Normal,19.43,FALSE
BM COCO MARKETING,,Malaysia,RENGIT,29/10/2023,25.52,7.94,3.5,89.42,73657.46,3.5,3,3.733333333,3.36,Normal,-6.25,FALSE
BM COCO PALM,,Malaysia,RENGIT,29/10/2023,25.52,8.66,3.64,92.81,78167.67,3.64,3,3.733333333,3.36,Normal,-2.5,FALSE
Chong Hwa SBR Rengit,,Malaysia,RENGIT,28/5/2024,25.155,8.92,4.06,102.1,54341.07,4.06,3,3.733333333,3.36,Normal,8.75,FALSE
SUPERCOWBOY (SEGAMAT),,Malaysia,SEGAMAT,23/7/2025,250.75,33.3,3.39,849.73,231348.27,3.39,1,3.39,3.051,No comparison required,0,FALSE
Dong Sing Food Link Sdn Bhd,,Malaysia,SEMENYIH,8/12/2025,71.92,2.62,2.72,195.91,23529.87,2.72,8,3.34,3.006,Underperforming,-18.56,TRUE
FOX ONE MARKETING SDN BHD,,Malaysia,SEMENYIH,6/1/2025,91.5,2.61,3.3,302.15,107650.99,3.3,8,3.34,3.006,Normal,-1.2,FALSE
P.A Food Sdn Bhd 2ATKT,,Malaysia,SEMENYIH,5/8/2024,47.97,1.49,3.82,183.18,92036.11,3.82,8,3.34,3.006,Normal,14.37,FALSE
P.A Food Sdn Bhd Lot 10,,Malaysia,SEMENYIH,5/8/2024,52.65,1.74,3.34,175.69,96204.37,3.34,8,3.34,3.006,Normal,0,FALSE
P.A Food Sdn Bhd Lot 12,,Malaysia,SEMENYIH,5/8/2024,51.48,1.53,3.15,162.07,87815.61,3.15,8,3.34,3.006,Normal,-5.69,FALSE
P.A. Food Warehouse No. 9,,Malaysia,SEMENYIH,28/8/2024,21.06,0.57,3.72,78.41,39011.88,3.72,8,3.34,3.006,Normal,11.38,FALSE
YAN JIAN 2,,Malaysia,SEMENYIH,8/8/2025,63.86,1.98,3.4,217.38,46540.16,3.4,8,3.34,3.006,Normal,1.8,FALSE
YAN JIAN 2A,,Malaysia,SEMENYIH,8/8/2025,74.4,2.28,3.27,243.41,64493.56,3.27,8,3.34,3.006,Normal,-2.1,FALSE
Lybase Sdn Bhd,,Malaysia,SENAI,4/11/2024,400.14,131.66,3.91,1564.2,380544.67,3.91,2,3.31,2.979,Normal,18.13,FALSE
SUPERMICRO COMPUTER SDN BHD,,Malaysia,SENAI,16/8/2025,2550.85,334.09,2.71,6906.75,1439699.25,2.71,2,3.31,2.979,Underperforming,-18.13,TRUE
Enge Plas,,Malaysia,SENAWANG,10/12/2024,302.4,63.32,4.05,1226.19,433196.07,4.05,1,4.05,3.645,No comparison required,0,FALSE
CIC CONTRACT SDN BHD,,Malaysia,SERI KEMBANGAN,14/12/2023,20.475,0.29,3.65,74.7,57111.02,3.65,1,3.65,3.285,No comparison required,0,FALSE
BJC FOOD (MALAYSIA) SDN. BHD.,,Malaysia,SHAH ALAM,10/1/2023,320.46,10.41,2.09,668.16,1077574.77,2.09,13,1.913846154,1.722461538,Normal,9.2,FALSE
KUASA BAKTI (PETRON SETIA ALAM),,Malaysia,SHAH ALAM,27/8/2025,44.64,5.64,1.98,88.3,24653.16,1.98,13,1.913846154,1.722461538,Normal,3.46,FALSE
Marbach Asia Pacific Lot17,,Malaysia,SHAH ALAM,26/12/2024,50.02,1.82,1.98,99.08,72801.06,1.98,13,1.913846154,1.722461538,Normal,3.46,FALSE
Marbach Asia Pacific lot 15,,Malaysia,SHAH ALAM,26/12/2024,50.05,1.75,2.03,101.7,75244.67,2.03,13,1.913846154,1.722461538,Normal,6.07,FALSE
Mitsui Copper Foil P3,,Malaysia,SHAH ALAM,26/6/2025,706.33,25.13,2.81,1982.49,660310.45,2.81,13,1.913846154,1.722461538,Normal,46.82,FALSE
New Age 160,,Malaysia,SHAH ALAM,17/12/2024,166.67,9.99,1.73,288.83,263746.09,1.73,13,1.913846154,1.722461538,Normal,-9.61,FALSE
New Age 510,,Malaysia,SHAH ALAM,18/11/2024,127.92,8.01,1.77,226.72,235397.84,1.77,13,1.913846154,1.722461538,Normal,-7.52,FALSE
PKT 8 WAVES,,Malaysia,SHAH ALAM,13/8/2024,176.67,12.8,0.24,41.68,239225.4,0.24,13,1.913846154,1.722461538,Underperforming,-87.46,TRUE
QL Maxincome,,Malaysia,SHAH ALAM,5/3/2025,79.3,2.96,2.05,162.29,102023.18,2.05,13,1.913846154,1.722461538,Normal,7.11,FALSE
Ql Lot 14,,Malaysia,SHAH ALAM,24/2/2025,61.61,2.24,2.02,124.66,76898.89,2.02,13,1.913846154,1.722461538,Normal,5.55,FALSE
Ql Lot 16,,Malaysia,SHAH ALAM,1/3/2025,64.05,2.2,2.02,129.08,78558.05,2.02,13,1.913846154,1.722461538,Normal,5.55,FALSE
San Soon Seng Food Industries Sdn Bhd,,Malaysia,SHAH ALAM,2/10/2025,1292.7,38.31,2.21,2852.33,571860.43,2.21,13,1.913846154,1.722461538,Normal,15.47,FALSE
Succesfuel Sdn. Bhd.,,Malaysia,SHAH ALAM,22/10/2024,90.86,11.77,1.95,177.15,149976.62,1.95,13,1.913846154,1.722461538,Normal,1.89,FALSE
FURUTEC,,Malaysia,SIMPANG AMPAT,6/7/2024,132.21,59.11,3.61,477.85,279471.28,3.61,3,3.64,3.276,Normal,-0.82,FALSE
Perbadanan Pengurusan Villa Raintree II,,Malaysia,SIMPANG AMPAT,18/4/2025,25.83,8.96,3.67,94.79,32930.15,3.67,3,3.64,3.276,Normal,0.82,FALSE
THP MEDICAL,,Malaysia,SIMPANG AMPAT,8/1/2024,377.325,165.95,3.64,1372.09,1119728.11,3.64,3,3.64,3.276,Normal,0,FALSE
Jebsen And Jessen Malaysia Sdn Bhd (MHE),,Malaysia,SIMPANG RENGGAM,24/5/2025,184.76,75.89,3.98,734.84,143717.32,3.98,1,3.98,3.582,No comparison required,0,FALSE
ATS AIR SOLUTION,,Malaysia,SUBANG JAYA,8/2/2024,22.23,0.55,2.56,56.93,56919.43,2.56,2,2.6,2.34,Normal,-1.54,FALSE
BOILERMECH LOT 873,,Malaysia,SUBANG JAYA,15/9/2025,280.5,8.33,2.64,740.65,135151.42,2.64,2,2.6,2.34,Normal,1.54,FALSE
KILANG BATU BATA,,Malaysia,SUNGAI SIPUT,27/6/2025,545.505,17.22,3.28,1788.53,470573.57,3.28,1,3.28,2.952,No comparison required,0,FALSE
Farm Fresh Taiping (Factory),,Malaysia,TAIPING,14/6/2024,190.125,75.24,3.19,605.69,453437.44,3.19,3,3.463333333,3.117,Normal,-7.89,FALSE
Farm Fresh Taiping (Farm),,Malaysia,TAIPING,14/6/2024,335.79,130.4,3.05,1023.11,690051.62,3.05,3,3.463333333,3.117,Underperforming,-11.93,TRUE
QL FOODS,,Malaysia,TAIPING,3/10/2024,1704.105,421.52,4.15,7079.7,3210572.91,4.15,3,3.463333333,3.117,Normal,19.83,FALSE
QL TAWAU FEEDMILL,,Malaysia,TAWAU,5/11/2025,317.2,28.97,1.57,496.59,37949.37,1.57,4,2.3875,2.14875,Underperforming,-34.24,TRUE
SABAH CHINESE HIGH SCHOOL (CANTEEN),,Malaysia,TAWAU,8/2/2024,26.91,4.12,1.94,52.12,11946.98,1.94,4,2.3875,2.14875,Underperforming,-18.74,TRUE
SABAH CHINESE HIGH SCHOOL (CULTURE AND EDUCATION),,Malaysia,TAWAU,8/2/2024,94.768,0,1.82,172.27,28878.5,1.82,4,2.3875,2.14875,Underperforming,-23.77,TRUE
SABAH CHINESE HIGH SCHOOL (TAK YUEN BUILDING),,Malaysia,TAWAU,8/2/2024,94.77,3.32,4.22,399.97,64014.1,4.22,4,2.3875,2.14875,Normal,76.75,FALSE
CHAN KAH WHYE,,Malaysia,TELOK PANGLIMA GARANG,20/1/2025,14.75,1.59,3.54,52.28,20425.1,3.54,3,1.873333333,1.686,Normal,88.97,FALSE
DSG Malaysia Sdn. Bhd,,Malaysia,TELOK PANGLIMA GARANG,24/11/2022,2310.255,363.63,2.08,4814.68,6170576.25,2.08,3,1.873333333,1.686,Normal,11.03,FALSE
LAM SOON EDIBLE OILS,,Malaysia,TELOK PANGLIMA GARANG,4/7/2025,86.8,0,0,0,88846.45,0,3,1.873333333,1.686,Underperforming,-100,TRUE
Lau and Tan Pharmacy (1st Floor),,Malaysia,TERENGGANU,22/1/2022,12.375,3.89,4.24,52.47,47513.08,4.24,2,3.625,3.2625,Normal,16.97,FALSE
Lau and Tan Pharmacy (G.Floor),,Malaysia,TERENGGANU,22/1/2022,38.115,12.45,3.01,114.79,175648.02,3.01,2,3.625,3.2625,Underperforming,-16.97,TRUE
WASCO PIPE SDN BHD (COATING),,Malaysia,TUARAN,12/2/2026,350.92,0,0,0,0,0,2,0,0,Normal,,FALSE
WASCO PIPE SDN BHD (MILL),,Malaysia,TUARAN,13/2/2026,850.64,0,0,0,5.05,0,2,0,0,Normal,,FALSE
